<?xml version="1.0" encoding="utf-8" ?>
<dwsync>
<file name="back_disabled.png" server="ftp.sabnetworks.com" local="130708782000000000" remote="130708782000000000" />
<file name="back_enabled.png" server="ftp.sabnetworks.com" local="130708782000000000" remote="130708782000000000" />
<file name="back_enabled_hover.png" server="ftp.sabnetworks.com" local="130708782000000000" remote="130708782000000000" />
<file name="forward_disabled.png" server="ftp.sabnetworks.com" local="130708782000000000" remote="130708782000000000" />
<file name="forward_enabled.png" server="ftp.sabnetworks.com" local="130708782000000000" remote="130708782000000000" />
<file name="forward_enabled_hover.png" server="ftp.sabnetworks.com" local="130708782000000000" remote="130708782000000000" />
<file name="sort_asc.png" server="ftp.sabnetworks.com" local="130708782000000000" remote="130708782000000000" />
<file name="sort_asc_disabled.png" server="ftp.sabnetworks.com" local="130708782000000000" remote="130708782000000000" />
<file name="sort_both.png" server="ftp.sabnetworks.com" local="130708782000000000" remote="130708782000000000" />
<file name="sort_desc.png" server="ftp.sabnetworks.com" local="130708782000000000" remote="130708782000000000" />
<file name="sort_desc_disabled.png" server="ftp.sabnetworks.com" local="130708782000000000" remote="130708782000000000" />
</dwsync>