<?xml version="1.0" encoding="utf-8" ?>
<dwsync>
<file name="back.png" server="ftp.sabnetworks.com" local="130708782000000000" remote="130708782000000000" />
<file name="black.png" server="ftp.sabnetworks.com" local="130708782000000000" remote="130708782000000000" />
<file name="cream.png" server="ftp.sabnetworks.com" local="130708782000000000" remote="130708782000000000" />
<file name="delete.gif" server="ftp.sabnetworks.com" local="130708782000000000" remote="130708782000000000" />
<file name="ie-spacer.gif" server="ftp.sabnetworks.com" local="130708782000000000" remote="130708782000000000" />
<file name="main-back.png" server="ftp.sabnetworks.com" local="130708782000000000" remote="130708782000000000" />
<file name="star.gif" server="ftp.sabnetworks.com" local="130708782000000000" remote="130708782000000000" />
<file name="user-big.jpg" server="ftp.sabnetworks.com" local="130708782000000000" remote="130708782000000000" />
<file name="user.jpg" server="ftp.sabnetworks.com" local="130708782000000000" remote="130708782000000000" />
</dwsync>