<?xml version="1.0" encoding="utf-8" ?>
<dwsync>
<file name="bootstrap-datetimepicker.min.css" server="ftp.sabnetworks.com" local="130708782000000000" remote="130708782000000000" />
<file name="bootstrap.css" server="ftp.sabnetworks.com" local="130708782000000000" remote="130708782000000000" />
<file name="bootstrap.min.css" server="ftp.sabnetworks.com" local="130708782000000000" remote="130708782000000000" />
<file name="font-awesome.min.css" server="ftp.sabnetworks.com" local="130708782000000000" remote="130708782000000000" />
<file name="fullcalendar.css" server="ftp.sabnetworks.com" local="130708782000000000" remote="130708782000000000" />
<file name="jquery-ui.css" server="ftp.sabnetworks.com" local="130708782000000000" remote="130708782000000000" />
<file name="jquery.cleditor.css" server="ftp.sabnetworks.com" local="130708782000000000" remote="130708782000000000" />
<file name="jquery.dataTables.css" server="ftp.sabnetworks.com" local="130708782000000000" remote="130708782000000000" />
<file name="jquery.onoff.css" server="ftp.sabnetworks.com" local="130708782000000000" remote="130708782000000000" />
<file name="prettyPhoto.css" server="ftp.sabnetworks.com" local="130708782000000000" remote="130708782000000000" />
<file name="rateit.css" server="ftp.sabnetworks.com" local="130708782000000000" remote="130708782000000000" />
<file name="style.css" server="ftp.sabnetworks.com" local="130708782000000000" remote="130708782000000000" />
<file name="widgets.css" server="ftp.sabnetworks.com" local="130708782000000000" remote="130708782000000000" />
</dwsync>