<?xml version="1.0" encoding="utf-8" ?>
<dwsync>
<file name="s1.jpg" server="ftp.sabnetworks.com" local="130708782000000000" remote="130708782000000000" />
<file name="s10.jpg" server="ftp.sabnetworks.com" local="130708782000000000" remote="130708782000000000" />
<file name="s2.jpg" server="ftp.sabnetworks.com" local="130708782000000000" remote="130708782000000000" />
<file name="s3.jpg" server="ftp.sabnetworks.com" local="130708782000000000" remote="130708782000000000" />
<file name="s4.jpg" server="ftp.sabnetworks.com" local="130708782000000000" remote="130708782000000000" />
<file name="s5.jpg" server="ftp.sabnetworks.com" local="130708782000000000" remote="130708782000000000" />
<file name="s6.jpg" server="ftp.sabnetworks.com" local="130708782000000000" remote="130708782000000000" />
<file name="s7.jpg" server="ftp.sabnetworks.com" local="130708782000000000" remote="130708782000000000" />
<file name="s8.jpg" server="ftp.sabnetworks.com" local="130708782000000000" remote="130708782000000000" />
<file name="s9.jpg" server="ftp.sabnetworks.com" local="130708782000000000" remote="130708782000000000" />
<file name="t1.jpg" server="ftp.sabnetworks.com" local="130708782000000000" remote="130708782000000000" />
<file name="t10.jpg" server="ftp.sabnetworks.com" local="130708782000000000" remote="130708782000000000" />
<file name="t2.jpg" server="ftp.sabnetworks.com" local="130708782000000000" remote="130708782000000000" />
<file name="t3.jpg" server="ftp.sabnetworks.com" local="130708782000000000" remote="130708782000000000" />
<file name="t4.jpg" server="ftp.sabnetworks.com" local="130708782000000000" remote="130708782000000000" />
<file name="t5.jpg" server="ftp.sabnetworks.com" local="130708782000000000" remote="130708782000000000" />
<file name="t6.jpg" server="ftp.sabnetworks.com" local="130708782000000000" remote="130708782000000000" />
<file name="t7.jpg" server="ftp.sabnetworks.com" local="130708782000000000" remote="130708782000000000" />
<file name="t8.jpg" server="ftp.sabnetworks.com" local="130708782000000000" remote="130708782000000000" />
<file name="t9.jpg" server="ftp.sabnetworks.com" local="130708782000000000" remote="130708782000000000" />
</dwsync>