<?xml version="1.0" encoding="utf-8" ?>
<dwsync>
<file name="android.png" server="ftp.sabnetworks.com" local="130708782000000000" remote="130708782000000000" />
<file name="chrome.png" server="ftp.sabnetworks.com" local="130708782000000000" remote="130708782000000000" />
<file name="firefox.png" server="ftp.sabnetworks.com" local="130708782000000000" remote="130708782000000000" />
<file name="ie.png" server="ftp.sabnetworks.com" local="130708782000000000" remote="130708782000000000" />
<file name="ios.png" server="ftp.sabnetworks.com" local="130708782000000000" remote="130708782000000000" />
<file name="linux.png" server="ftp.sabnetworks.com" local="130708782000000000" remote="130708782000000000" />
<file name="mac.png" server="ftp.sabnetworks.com" local="130708782000000000" remote="130708782000000000" />
<file name="metro.png" server="ftp.sabnetworks.com" local="130708782000000000" remote="130708782000000000" />
<file name="opera.png" server="ftp.sabnetworks.com" local="130708782000000000" remote="130708782000000000" />
<file name="safari.png" server="ftp.sabnetworks.com" local="130708782000000000" remote="130708782000000000" />
<file name="windows.png" server="ftp.sabnetworks.com" local="130708782000000000" remote="130708782000000000" />
</dwsync>