<?xml version="1.0" encoding="utf-8" ?>
<dwsync>
<file name="btnNext.png" server="ftp.sabnetworks.com" local="130708782000000000" remote="130708782000000000" />
<file name="btnPrevious.png" server="ftp.sabnetworks.com" local="130708782000000000" remote="130708782000000000" />
<file name="contentPatternBottom.png" server="ftp.sabnetworks.com" local="130708782000000000" remote="130708782000000000" />
<file name="contentPatternLeft.png" server="ftp.sabnetworks.com" local="130708782000000000" remote="130708782000000000" />
<file name="contentPatternRight.png" server="ftp.sabnetworks.com" local="130708782000000000" remote="130708782000000000" />
<file name="contentPatternTop.png" server="ftp.sabnetworks.com" local="130708782000000000" remote="130708782000000000" />
<file name="default_thumbnail.gif" server="ftp.sabnetworks.com" local="130708782000000000" remote="130708782000000000" />
<file name="loader.gif" server="ftp.sabnetworks.com" local="130708782000000000" remote="130708782000000000" />
<file name="sprite.png" server="ftp.sabnetworks.com" local="130708782000000000" remote="130708782000000000" />
</dwsync>