<?xml version="1.0" encoding="utf-8" ?>
<dwsync>
<file name="bootstrap-datetimepicker.min.js" server="ftp.sabnetworks.com" local="130708782000000000" remote="130708782000000000" />
<file name="bootstrap.js" server="ftp.sabnetworks.com" local="130708782000000000" remote="130708782000000000" />
<file name="bootstrap.min.js" server="ftp.sabnetworks.com" local="130708782000000000" remote="130708782000000000" />
<file name="charts.js" server="ftp.sabnetworks.com" local="130708782000000000" remote="130708782000000000" />
<file name="custom.js" server="ftp.sabnetworks.com" local="130708782000000000" remote="130708782000000000" />
<file name="excanvas.min.js" server="ftp.sabnetworks.com" local="130708782000000000" remote="130708782000000000" />
<file name="filter.js" server="ftp.sabnetworks.com" local="130708782000000000" remote="130708782000000000" />
<file name="fullcalendar.min.js" server="ftp.sabnetworks.com" local="130708782000000000" remote="130708782000000000" />
<file name="html5shiv.js" server="ftp.sabnetworks.com" local="130708782000000000" remote="130708782000000000" />
<file name="jquery-ui.min.js" server="ftp.sabnetworks.com" local="130708782000000000" remote="130708782000000000" />
<file name="jquery.cleditor.min.js" server="ftp.sabnetworks.com" local="130708782000000000" remote="130708782000000000" />
<file name="jquery.dataTables.min.js" server="ftp.sabnetworks.com" local="130708782000000000" remote="130708782000000000" />
<file name="jquery.flot.js" server="ftp.sabnetworks.com" local="130708782000000000" remote="130708782000000000" />
<file name="jquery.flot.pie.js" server="ftp.sabnetworks.com" local="130708782000000000" remote="130708782000000000" />
<file name="jquery.flot.resize.js" server="ftp.sabnetworks.com" local="130708782000000000" remote="130708782000000000" />
<file name="jquery.flot.stack.js" server="ftp.sabnetworks.com" local="130708782000000000" remote="130708782000000000" />
<file name="jquery.js" server="ftp.sabnetworks.com" local="130708782000000000" remote="130708782000000000" />
<file name="jquery.noty.js" server="ftp.sabnetworks.com" local="130708782000000000" remote="130708782000000000" />
<file name="jquery.onoff.min.js" server="ftp.sabnetworks.com" local="130708782000000000" remote="130708782000000000" />
<file name="jquery.prettyPhoto.js" server="ftp.sabnetworks.com" local="130708782000000000" remote="130708782000000000" />
<file name="jquery.rateit.min.js" server="ftp.sabnetworks.com" local="130708782000000000" remote="130708782000000000" />
<file name="jquery.slimscroll.min.js" server="ftp.sabnetworks.com" local="130708782000000000" remote="130708782000000000" />
<file name="jquery.tablesorter.js" server="ftp.sabnetworks.com" local="130708782000000000" remote="130708782000000000" />
<file name="respond.min.js" server="ftp.sabnetworks.com" local="130708782000000000" remote="130708782000000000" />
<file name="sparklines.js" server="ftp.sabnetworks.com" local="130708782000000000" remote="130708782000000000" />
</dwsync>